Date,Median Session Length,Total Time Spent in App by all users,Avg Session Length,New Users,Active Users,Sessions,1 session,2 sessions,3 - 4  sessions,5 - 6 sessions,7 - 9 sessions,10 - 14 sessions,15 - 19 sessions,20+ sessions,# of events A,Unique users performing event A
 06/19/16 ,22 sec,21 yr 5 mo 1 dy 7 hr 3 min 44 sec,4 min 30 sec,68986,935285,2774516,330974,217470,226516,87329,45076,18957,5014,3949,353441,182678
 06/18/16 ,23 sec,18 yr 8 mo 26 dy 12 hr 45 min 9 sec,5 min 2 sec,59566,708737,2188128,234261,171753,175983,67189,35187,15893,4618,3853,303344,152762
 06/17/16 ,23 sec,22 yr 19 dy 1 hr 6 min 45 sec,4 min 48 sec,64206,852716,2714947,256561,208925,224111,87680,45836,19846,5466,4291,412847,209385
 06/16/16 ,23 sec,24 yr 6 mo 15 dy 21 hr 12 min 50 sec,4 min 39 sec,68887,937587,3100061,251756,232083,260105,105015,55020,22837,6036,4735,494249,249479
 06/15/16 ,23 sec,25 yr 7 mo 4 dy 20 hr 44 min 35 sec,4 min 47 sec,64074,943355,3129072,251174,234413,262303,105291,55799,23407,6193,4775,511688,256263
 06/14/16 ,23 sec,25 yr 1 mo 3 dy 13 hr 32 min 36 sec,4 min 38 sec,73035,960366,3133504,259186,240914,266358,105831,55180,23017,5754,4126,508137,260442
 06/13/16 ,23 sec,26 yr 2 mo 23 dy 1 hr 16 min 17 sec,4 min 39 sec,76229,991243,3229711,274456,244778,272503,109033,56892,23463,5943,4175,519880,264246
 06/12/16 ,22 sec,23 yr 7 mo 18 dy 12 hr 38 min 33 sec,4 min 51 sec,89293,950773,2774342,344662,221134,227146,86903,44141,18513,4867,3407,371020,185585
 06/11/16 ,23 sec,21 yr 6 mo 22 dy 1 hr 20 min 22 sec,5 min 35 sec,79101,720978,2187991,241359,176520,177761,67103,35048,15541,4332,3314,328895,159767
 06/10/16 ,23 sec,28 yr 1 mo 12 dy 4 hr 50 min 12 sec,5 min 49 sec,72021,863026,2713261,262381,212904,225568,87809,45649,19549,5302,3864,500624,229401
 06/09/16 ,24 sec,38 yr 5 mo 16 dy 18 hr 52 min 22 sec,6 min 41 sec,78662,949433,3129823,256448,235483,263184,105406,55381,23158,5963,4410,716157,302685
 06/08/16 ,25 sec,44 yr 27 dy 16 hr 23 min 37 sec,7 min 25 sec,88883,964458,3188694,258861,238782,267210,108385,56786,23911,6061,4462,789167,324672
 06/07/16 ,25 sec,44 yr 9 mo 7 hr 16 min 0 sec,7 min 30 sec,92804,971821,3202811,262286,240685,268878,108335,57384,23717,6046,4490,797799,327098
 06/06/16 ,25 sec,46 yr 2 mo 15 dy 1 hr 17 min 19 sec,7 min 38 sec,106015,993224,3247491,274850,244152,272165,109466,58267,23900,5900,4524,799147,327346
 06/05/16 ,24 sec,39 yr 7 mo 18 dy 22 hr 14 min 10 sec,7 min 58 sec,72818,902288,2676695,319132,209777,219179,84452,43436,17830,4684,3798,560906,228629
 06/04/16 ,24 sec,31 yr 5 mo 22 dy 54 min 12 sec,8 min 43 sec,50208,642714,1936625,217256,157285,157836,59423,30748,13377,3743,3046,452321,180302
 06/03/16 ,25 sec,38 yr 7 mo 19 hr 44 min 10 sec,8 min 21 sec,49136,789930,2476191,240857,196200,205743,79662,41537,17498,4738,3695,657891,262297
 06/02/16 ,25 sec,36 yr 5 mo 21 dy 3 hr 39 min 29 sec,9 min 8 sec,44254,836645,2495314,255442,217826,223112,80318,38561,14989,3641,2756,566118,245654
 06/01/16 ,24 sec,31 yr 2 mo 27 dy 23 hr 17 min 30 sec,7 min 44 sec,37511,832866,2514424,254852,214556,219606,80904,40143,15873,4070,2862,610286,261153
 05/31/16 ,24 sec,42 yr 3 mo 14 dy 23 hr 12 min 18 sec,7 min 58 sec,39731,872322,2856902,232975,218961,243511,96754,50097,20793,5312,3919,772524,313802
 05/30/16 ,24 sec,43 yr 4 mo 27 dy 8 hr 11 min 19 sec,8 min 35 sec,39319,872033,2707729,266862,215241,229422,88372,45137,18475,4749,3775,685331,272633
 05/29/16 ,24 sec,36 yr 2 mo 22 dy 6 hr 24 min 20 sec,8 min 9 sec,39664,806172,2392926,282465,189387,197492,75117,38255,15808,4245,3403,537150,217347
 05/28/16 ,24 sec,29 yr 1 mo 19 dy 5 hr 30 min 21 sec,8 min 27 sec,32856,614154,1852475,208906,150162,150232,56539,29047,12654,3722,2892,432319,175011
 05/27/16 ,25 sec,36 yr 7 mo 7 dy 14 hr 58 min 45 sec,8 min 12 sec,33569,764772,2390536,233527,189441,199976,76767,40026,16938,4612,3485,633439,256318
 05/26/16 ,25 sec,43 yr 7 mo 17 dy 11 hr 52 min 54 sec,8 min 21 sec,38585,858669,2801739,233354,213353,238158,94476,49556,20500,5310,3962,759474,308685
 05/25/16 ,24 sec,41 yr 12 mo 3 dy 10 hr 55 min 21 sec,7 min 58 sec,38835,869260,2818120,236131,218695,240135,95425,49820,20325,5073,3656,743707,310939
 05/24/16 ,24 sec,43 yr 7 mo 3 dy 20 hr 3 min 8 sec,8 min 3 sec,37487,884717,2896923,235156,222064,246715,99273,51224,21205,5337,3743,745622,334746
 05/23/16 ,24 sec,44 yr 1 mo 22 dy 23 hr 59 min 41 sec,7 min 59 sec,37876,908138,2959216,248645,225567,249390,100521,52793,21824,5470,3928,736081,337555
 05/22/16 ,24 sec,38 yr 3 mo 26 dy 20 hr 2 min 25 sec,8 min 10 sec,42549,859536,2524967,306102,200868,207526,79463,40788,16884,4488,3417,505589,236231
 05/21/16 ,24 sec,30 yr 6 mo 6 dy 4 hr 10 min 8 sec,8 min 47 sec,31438,616374,1862098,208735,150423,150790,56750,30055,13072,3673,2876,396608,186221
 05/20/16 ,25 sec,38 yr 1 mo 1 dy 20 hr 35 min 50 sec,8 min 13 sec,31924,781876,2477156,234847,193080,204319,80340,42418,18513,4788,3571,618002,282602
 05/19/16 ,24 sec,44 yr 11 mo 26 dy 18 hr 59 min 37 sec,8 min 18 sec,34353,871795,2902503,228006,215483,244600,99249,52881,21805,5532,4239,750441,339836
 05/18/16 ,24 sec,43 yr 2 mo 13 dy 8 hr 47 min 4 sec,7 min 52 sec,34590,879658,2928849,225576,218362,248895,101955,53739,21974,5379,3778,751472,344387
 05/17/16 ,24 sec,43 yr 11 mo 22 dy 35 min 6 sec,8 min 1 sec,35997,887893,2927133,232123,222622,249359,100114,52928,21656,5334,3757,755345,346046
 05/16/16 ,24 sec,44 yr 7 mo 13 dy 7 hr 47 min 38 sec,7 min 58 sec,36559,912641,2993329,244245,226534,253441,102596,53918,22427,5535,3945,749933,343591
 05/15/16 ,24 sec,37 yr 5 mo 12 dy 14 hr 45 min 59 sec,8 min 16 sec,40162,843724,2438333,312216,195403,197956,75558,38900,16111,4327,3253,474686,222230
 05/14/16 ,24 sec,29 yr 8 mo 3 dy 22 hr 28 min 14 sec,8 min 34 sec,30046,618941,1858905,209700,151163,151871,56986,29834,12978,3656,2753,404697,186981
 05/13/16 ,25 sec,37 yr 10 mo 3 dy 20 hr 7 min 28 sec,8 min 10 sec,31290,784968,2479670,236705,192939,206318,80415,42279,18065,4692,3555,619366,283961
 05/12/16 ,24 sec,44 yr 11 mo 23 dy 12 hr 27 min 23 sec,8 min 15 sec,33978,876689,2922064,229513,217768,245272,99353,52722,22266,5614,4181,757033,340974
 05/11/16 ,24 sec,44 yr 7 mo 27 dy 2 hr 34 min 27 sec,8 min 9 sec,35484,883518,2924421,229814,222086,247602,100143,52945,21828,5307,3793,757328,345550
 05/10/16 ,24 sec,43 yr 1 mo 3 dy 1 hr 52 min 24 sec,7 min 49 sec,36120,890846,2947391,232397,223508,250025,100453,53201,22071,5332,3859,757454,345746
 05/09/16 ,24 sec,45 yr 7 mo 14 dy 43 min 47 sec,8 min 10 sec,36281,908756,2982925,244272,225228,251998,101830,53729,22243,5501,3955,754457,343772
 05/08/16 ,24 sec,38 yr 7 mo 1 dy 2 hr 5 min 58 sec,8 min 23 sec,39922,848181,2473104,309362,195895,202144,76863,39599,16650,4291,3377,491726,228282
 05/07/16 ,24 sec,30 yr 4 mo 3 dy 22 hr 42 min 55 sec,8 min 38 sec,32044,623154,1882925,209887,151752,153622,57953,30143,13228,3664,2905,402189,189600
 05/06/16 ,25 sec,38 yr 2 mo 9 dy 13 hr 55 min 9 sec,8 min 12 sec,32251,782687,2488779,233217,192614,205658,81433,43025,18271,4852,3617,623617,285292
 05/05/16 ,24 sec,44 yr 8 mo 12 dy 6 hr 21 min 29 sec,8 min 20 sec,34697,859242,2873380,224724,211376,241196,97923,52407,21870,5555,4191,736363,332998
 05/04/16 ,24 sec,42 yr 8 mo 12 dy 23 hr 32 min 31 sec,8 min 4 sec,35409,862363,2830483,232624,213246,238652,96003,51648,21147,5317,3726,724001,329712
 05/03/16 ,24 sec,44 yr 27 dy 12 hr 6 min 55 sec,8 min 0 sec,38542,890923,2946228,231572,223349,250642,100976,53119,21982,5499,3784,754177,346168
 05/02/16 ,24 sec,42 yr 7 mo 2 dy 19 hr 13 min 42 sec,7 min 44 sec,39897,896789,2947910,245282,220953,246759,99641,52607,21944,5592,4011,730825,333463
 05/01/16 ,24 sec,39 yr 1 mo 1 dy 4 hr 52 min 46 sec,8 min 53 sec,42901,832284,2369124,319326,190517,190622,71905,36895,15610,4040,3369,456387,211854
 04/30/16 ,24 sec,31 yr 4 mo 12 dy 30 min 9 sec,9 min 1 sec,32472,619600,1866155,211118,150640,151716,56747,29560,13047,3849,2923,398706,186623
 04/29/16 ,25 sec,38 yr 1 mo 18 dy 11 hr 8 sec,8 min 13 sec,33143,784785,2484679,237630,192944,204503,80348,42424,18262,4983,3691,625761,284658
 04/28/16 ,24 sec,45 yr 4 mo 14 dy 15 hr 15 min 51 sec,8 min 22 sec,34502,874281,2909480,230972,216759,243199,98584,52872,22058,5679,4158,756166,341067
 04/27/16 ,24 sec,43 yr 11 mo 15 dy 16 hr 10 min 51 sec,7 min 59 sec,34798,885267,2939677,231382,221423,247366,100630,53271,21893,5453,3849,764941,349117
 04/26/16 ,24 sec,45 yr 8 mo 11 dy 12 hr 29 min 40 sec,8 min 14 sec,35230,892266,2963921,232478,223050,250185,101308,53691,22251,5397,3906,772137,351408
 04/25/16 ,24 sec,44 yr 5 mo 21 dy 3 hr 59 min 11 sec,7 min 50 sec,35639,920817,3035790,246014,227699,256182,103757,55060,22482,5683,3940,770943,352407
 04/24/16 ,24 sec,41 yr 9 mo 24 dy 23 hr 46 min 3 sec,8 min 50 sec,41085,875002,2544340,317557,203034,208934,80095,40741,16926,4331,3384,509661,238638
 04/23/16 ,24 sec,33 yr 1 mo 15 dy 22 hr 39 min 45 sec,9 min 28 sec,30310,621389,1872522,210521,151602,151999,57276,30095,13267,3666,2963,403617,189318
 04/22/16 ,25 sec,40 yr 2 mo 24 dy 9 hr 15 min 55 sec,8 min 37 sec,32338,786512,2496528,236355,193372,205938,81414,42803,18123,4870,3637,626938,285961
 04/21/16 ,24 sec,48 yr 8 mo 23 dy 12 hr 1 min 41 sec,9 min 0 sec,34068,874755,2897881,232680,215821,243229,98751,52584,21944,5576,4170,753305,339328
 04/20/16 ,24 sec,47 yr 4 mo 14 dy 11 hr 18 min 4 sec,8 min 32 sec,34779,893039,2961223,231805,223017,251412,101855,53392,22227,5528,3803,765894,348066
 04/19/16 ,24 sec,47 yr 3 mo 1 dy 8 hr 36 min 30 sec,8 min 21 sec,37600,907876,3020421,235055,225055,256016,104320,55044,22897,5625,3864,768490,350792
 04/18/16 ,24 sec,46 yr 9 mo 3 dy 23 hr 34 min 34 sec,8 min 1 sec,40756,937130,3117756,247922,228273,262082,107835,56976,24013,5921,4108,779158,356143
 04/17/16 ,24 sec,43 yr 2 mo 2 dy 8 hr 14 min 36 sec,8 min 44 sec,46222,896339,2656157,318171,205705,217799,85068,43577,17853,4705,3461,527354,246869
 04/16/16 ,24 sec,33 yr 2 mo 3 dy 7 hr 10 min 58 sec,9 min 9 sec,35248,637018,1943576,213386,153237,157612,60462,31645,13860,3846,2970,410065,193666
 04/15/16 ,25 sec,40 yr 11 mo 26 dy 20 hr 58 min 4 sec,8 min 25 sec,36470,807261,2598855,238819,195192,213197,85990,45548,19589,5049,3877,648697,296770
 04/14/16 ,24 sec,48 yr 11 mo 17 dy 18 hr 17 min 45 sec,8 min 39 sec,39366,894494,3031715,228942,216569,253516,105004,56686,23446,6033,4298,786967,356684
 04/13/16 ,24 sec,47 yr 8 mo 7 dy 17 hr 16 min 43 sec,8 min 19 sec,40307,903109,3057758,226097,219784,259837,107416,56838,23500,5767,3870,790417,361807
 04/12/16 ,24 sec,47 yr 10 mo 7 dy 9 hr 13 min 14 sec,8 min 12 sec,42409,914063,3112436,228299,220673,262861,109703,58631,24010,5826,4060,798761,365102
 04/11/16 ,24 sec,48 yr 11 mo 18 dy 5 hr 11 min 56 sec,8 min 9 sec,45975,946916,3204700,242023,226604,269738,113417,60326,24707,5971,4130,795902,364820
 04/10/16 ,23 sec,45 yr 28 dy 6 hr 15 min 19 sec,8 min 48 sec,53570,918195,2747968,320001,208985,226689,89822,45519,18828,4761,3590,531989,249167
 04/09/16 ,24 sec,35 yr 1 mo 11 dy 1 hr 14 min 32 sec,9 min 32 sec,41648,641368,1972147,213177,152943,159951,61814,32417,14006,4021,3039,409661,194076
 04/08/16 ,25 sec,43 yr 7 mo 4 dy 14 hr 57 min 30 sec,8 min 56 sec,43262,810224,2606035,239487,197192,213887,85471,45722,19435,5220,3810,653404,301563
 04/07/16 ,25 sec,52 yr 7 mo 23 dy 12 hr 43 min 11 sec,9 min 27 sec,43612,889985,2978287,233113,220835,248230,101294,53652,22776,5732,4353,811821,371091
 04/06/16 ,25 sec,51 yr 8 mo 23 dy 10 hr 33 min 32 sec,9 min 22 sec,45942,892799,2942115,235961,224828,248650,99477,52692,21831,5501,3859,826479,381334
 04/05/16 ,25 sec,52 yr 18 dy 12 hr 27 min 39 sec,9 min 22 sec,46319,897553,2963977,237144,226738,249944,99204,53025,21995,5508,3995,825835,383728
 04/04/16 ,25 sec,51 yr 10 mo 11 dy 2 hr 47 min 36 sec,9 min 11 sec,50908,923917,3014644,253837,230861,253179,101008,53181,22174,5632,4045,806212,372911
 04/03/16 ,24 sec,47 yr 3 mo 9 dy 3 hr 23 min 17 sec,9 min 55 sec,56457,883239,2559155,323934,205031,209556,79465,40749,16767,4369,3368,544491,257807
 04/02/16 ,25 sec,36 yr 4 mo 20 dy 2 hr 51 min 39 sec,10 min 29 sec,43232,618633,1857624,209825,152125,151198,56518,29545,12864,3681,2877,419479,202203
 04/01/16 ,25 sec,43 yr 6 mo 8 dy 17 hr 43 min 41 sec,9 min 37 sec,43548,768059,2415514,233024,191217,200496,77432,40389,17261,4724,3516,643319,300127
 03/31/16 ,25 sec,50 yr 2 mo 11 hr 27 min 4 sec,9 min 38 sec,43804,844994,2785976,226879,210542,234033,93934,49631,20621,5275,4079,777428,355049
 03/30/16 ,25 sec,48 yr 1 mo 17 dy 16 hr 26 min 50 sec,9 min 18 sec,41858,844277,2758093,225363,213832,234393,92808,48829,20406,5111,3535,775234,357388
 03/29/16 ,25 sec,48 yr 5 mo 19 dy 6 hr 28 min 56 sec,9 min 18 sec,41859,848181,2781583,226599,213680,235178,94064,49015,20770,5123,3752,776258,359240
 03/28/16 ,25 sec,49 yr 6 mo 8 dy 5 hr 33 min 23 sec,9 min 25 sec,43413,866180,2805349,241814,214854,236898,94035,48958,20687,5129,3805,742534,342264
 03/27/16 ,24 sec,42 yr 1 mo 17 dy 6 hr 15 min 14 sec,10 min 1 sec,44838,801158,2262010,314820,181528,179980,67944,35020,14699,3888,3279,458395,218311
 03/26/16 ,25 sec,34 yr 1 mo 6 dy 23 hr 24 min 39 sec,10 min 24 sec,35924,584681,1756983,201720,141654,141596,53561,27739,12193,3476,2742,393027,186804
 03/25/16 ,25 sec,40 yr 1 mo 24 dy 2 hr 40 min 19 sec,10 min 18 sec,34545,683682,2083215,223683,170411,170588,64251,32883,14460,4163,3243,527877,244250
 03/24/16 ,25 sec,45 yr 6 mo 8 dy 4 hr 45 min 0 sec,9 min 50 sec,33722,777011,2479854,227713,194052,205955,80120,42366,18291,4810,3704,684197,312198
 03/23/16 ,25 sec,46 yr 9 mo 17 dy 8 hr 10 min 41 sec,9 min 30 sec,34102,815118,2628229,226317,206380,221403,87693,45862,19067,4850,3546,740202,340204
 03/22/16 ,25 sec,47 yr 8 mo 29 dy 4 hr 10 min 31 sec,9 min 26 sec,36459,830468,2700370,227567,209399,227483,90381,47056,19885,5131,3566,754776,348403
 03/21/16 ,24 sec,48 yr 3 mo 4 dy 19 hr 12 min 5 sec,9 min 18 sec,38254,859576,2769626,242982,214908,231670,92258,48791,20100,5200,3667,748079,343821
 03/20/16 ,24 sec,43 yr 2 mo 21 dy 16 hr 36 min 3 sec,9 min 49 sec,43562,827255,2367067,312305,191281,191971,72025,36855,15382,4171,3265,502446,237924
 03/19/16 ,24 sec,33 yr 11 mo 14 dy 23 hr 25 min 57 sec,10 min 7 sec,34276,599614,1797082,206567,146684,145242,54080,28188,12417,3535,2901,407006,195247
 03/18/16 ,25 sec,41 yr 9 mo 16 dy 21 hr 10 min 37 sec,9 min 22 sec,33966,754370,2381716,229675,186894,195340,76717,40398,17284,4465,3597,640795,296865
 03/17/16 ,25 sec,49 yr 2 mo 6 dy 14 hr 5 min 25 sec,9 min 31 sec,35979,836247,2764035,224843,208710,230334,92779,49224,21069,5302,3986,778213,355583
 03/16/16 ,25 sec,48 yr 6 mo 25 dy 12 hr 2 min 44 sec,9 min 21 sec,36932,843761,2769136,225431,212203,233365,93709,49640,20593,5252,3568,786596,361937
 03/15/16 ,25 sec,48 yr 9 mo 10 dy 23 hr 18 min 35 sec,9 min 18 sec,37586,850897,2795844,226545,214215,236284,94560,49610,20724,5182,3777,790199,363287
 03/14/16 ,25 sec,49 yr 4 mo 6 dy 19 hr 36 min 37 sec,9 min 12 sec,39719,879493,2861915,242581,218447,240459,96597,51185,21079,5254,3891,779746,358237
 03/13/16 ,24 sec,42 yr 14 dy 20 hr 24 min 55 sec,9 min 29 sec,46297,836768,2380198,315701,194198,194793,72771,36873,15216,4072,3144,497473,238977
 03/12/16 ,25 sec,32 yr 11 mo 19 dy 13 hr 53 min 58 sec,10 min 2 sec,35683,587030,1757778,202338,143478,141655,53327,27702,12243,3478,2809,388919,187840
 03/11/16 ,25 sec,40 yr 5 mo 29 dy 13 hr 48 min 52 sec,9 min 19 sec,35499,739177,2322647,223915,184661,192311,74246,39384,16726,4505,3429,615784,289047
 03/10/16 ,25 sec,47 yr 6 mo 18 dy 48 min 51 sec,9 min 20 sec,37071,826459,2728216,218841,207569,230194,91688,48626,20439,5111,3991,757146,350514
 03/09/16 ,25 sec,45 yr 7 mo 22 dy 13 hr 18 min 37 sec,8 min 55 sec,37175,829620,2729587,218000,210789,231459,92136,48419,20078,5153,3586,756122,354131
 03/08/16 ,25 sec,45 yr 6 mo 19 dy 23 hr 20 min 52 sec,8 min 51 sec,37414,832769,2744899,216783,211495,233714,92816,49015,20195,5034,3717,761681,355533
 03/07/16 ,25 sec,45 yr 2 mo 3 dy 3 hr 47 min 51 sec,8 min 57 sec,37584,833155,2693005,233907,207723,225643,89945,47462,19873,4997,3605,722799,333885
 03/06/16 ,24 sec,40 yr 5 mo 8 dy 1 hr 46 min 5 sec,9 min 21 sec,43138,812195,2324123,309527,185003,188165,70633,36304,15337,4023,3203,486166,230924
 03/05/16 ,24 sec,32 yr 27 dy 13 hr 37 min 28 sec,9 min 57 sec,32664,573648,1726412,196323,140502,139587,51626,27115,12164,3548,2783,386287,186481
 03/04/16 ,25 sec,39 yr 10 mo 5 dy 11 hr 54 min 28 sec,9 min 12 sec,34049,730720,2312286,220579,181522,190642,73814,39191,16994,4509,3469,615563,287685
 03/03/16 ,25 sec,46 yr 5 mo 21 dy 5 hr 52 min 51 sec,9 min 12 sec,36501,813637,2700640,215269,203657,225586,91112,48359,20600,5174,3880,756548,348102
 03/02/16 ,25 sec,45 yr 2 mo 19 dy 20 hr 11 min 16 sec,8 min 57 sec,36874,817782,2692986,215826,207220,227246,91008,47892,20045,5017,3528,752650,349965
 03/01/16 ,25 sec,45 yr 10 mo 22 dy 4 hr 58 min 59 sec,9 min 1 sec,37775,822613,2712828,216485,207304,229496,92125,47958,20457,5143,3645,755427,352466
 02/29/16 ,25 sec,45 yr 11 mo 21 dy 18 hr 27 min 46 sec,8 min 52 sec,37178,844971,2764047,230359,210923,231824,92865,49451,20536,5271,3742,746695,346564
 02/28/16 ,24 sec,40 yr 8 mo 29 dy 8 hr 51 min 42 sec,9 min 8 sec,41443,825010,2394135,306937,187506,194875,74383,38089,15728,4241,3251,505220,241980
 02/27/16 ,24 sec,31 yr 6 mo 1 hr 59 min 14 sec,9 min 56 sec,32061,563093,1698582,192777,137635,136809,51020,26679,11846,3525,2802,378640,182382
 02/26/16 ,25 sec,38 yr 7 mo 3 dy 20 hr 48 min 58 sec,9 min 8 sec,32085,712842,2256554,215432,176565,185560,72620,38452,16515,4421,3277,603920,280613
 02/25/16 ,25 sec,45 yr 1 mo 4 dy 10 min 14 sec,9 min 5 sec,35010,797507,2657554,210475,199246,221292,89431,47538,20365,5272,3888,737910,340382
 02/24/16 ,25 sec,43 yr 8 mo 24 dy 20 hr 50 min 41 sec,8 min 47 sec,37297,803616,2657363,211915,201676,224076,89651,47793,19944,4967,3594,741715,342725
 02/23/16 ,25 sec,44 yr 10 mo 19 dy 1 hr 13 min 13 sec,8 min 55 sec,37620,808457,2681537,210809,203518,225963,91027,48262,20138,5092,3648,743154,346004
 02/22/16 ,24 sec,44 yr 8 mo 1 dy 20 hr 45 min 19 sec,8 min 55 sec,38590,818015,2673134,228133,201678,222655,89387,47428,20021,5074,3639,715785,329752
 02/21/16 ,24 sec,40 yr 5 mo 14 dy 14 hr 21 min 8 sec,9 min 21 sec,44196,814945,2326022,316609,181128,186596,71119,36551,15547,4159,3236,482422,228543
 02/20/16 ,24 sec,31 yr 1 mo 14 dy 11 hr 25 min 48 sec,9 min 54 sec,32493,557264,1683829,191367,135285,135157,50881,26450,11872,3510,2742,375801,180458
 02/19/16 ,25 sec,38 yr 3 mo 27 dy 6 hr 28 min 14 sec,9 min 8 sec,33219,706007,2243174,210269,175432,184904,72501,38441,16524,4608,3328,600444,279440
 02/18/16 ,25 sec,44 yr 11 mo 28 dy 10 hr 6 min 55 sec,9 min 17 sec,35605,778157,2594265,205908,192676,215835,87436,47326,20148,5059,3769,726021,332257
 02/17/16 ,25 sec,43 yr 10 mo 5 hr 55 min 46 sec,9 min 2 sec,35780,781590,2590197,205878,195248,218408,87401,46624,19642,4936,3453,723570,335171
 02/16/16 ,25 sec,43 yr 9 mo 25 dy 4 hr 56 min 54 sec,8 min 55 sec,38358,787472,2620155,207532,195125,219465,89419,47267,20018,5077,3569,721314,334212
 02/15/16 ,25 sec,44 yr 5 mo 19 dy 7 hr 32 min 32 sec,9 min 12 sec,40244,803869,2579662,233604,197176,215032,85438,45215,18854,4932,3618,660344,306506
 02/14/16 ,24 sec,38 yr 10 mo 17 dy 9 hr 50 min 48 sec,8 min 58 sec,45038,805670,2329997,308279,177228,187389,72428,37259,15664,4198,3225,487194,232232
 02/13/16 ,25 sec,30 yr 9 mo 20 dy 3 hr 1 min 48 sec,10 min 0 sec,34110,543297,1647584,185784,131688,131485,49749,26418,11950,3484,2739,363926,174025
 02/12/16 ,25 sec,37 yr 5 mo 14 dy 21 hr 46 min 40 sec,9 min 15 sec,33926,679622,2161290,206847,166301,176519,69106,36854,16250,4452,3293,570818,264143
 02/11/16 ,25 sec,45 yr 2 mo 28 dy 5 hr 31 min 43 sec,9 min 30 sec,37675,761218,2546935,201698,187335,211596,85646,46156,19877,5092,3818,707723,322762
 02/10/16 ,25 sec,43 yr 5 mo 9 dy 1 hr 53 min 53 sec,9 min 13 sec,38635,760172,2516081,202822,188419,210916,85039,45290,19238,4960,3488,692589,317355
 02/09/16 ,25 sec,43 yr 2 mo 6 dy 10 hr 55 min 55 sec,9 min 16 sec,39481,752800,2485739,202972,186365,207282,84219,44914,18857,4671,3520,665401,302733
 02/08/16 ,25 sec,43 yr 7 mo 23 dy 15 hr 57 min 25 sec,9 min 30 sec,39032,745869,2452710,205028,184032,204249,81302,44059,18900,4676,3623,660224,300382
 02/07/16 ,25 sec,39 yr 7 mo 22 dy 17 hr 49 min 13 sec,10 min 21 sec,43481,676772,2055527,229365,161234,166695,64042,33730,14472,4047,3187,464913,220385
 02/06/16 ,24 sec,30 yr 5 mo 10 dy 22 hr 24 min 40 sec,10 min 7 sec,33610,531071,1611495,183356,127337,128322,48494,25656,11647,3520,2739,358364,171108
 02/05/16 ,25 sec,38 yr 1 mo 9 dy 15 hr 39 min 14 sec,9 min 35 sec,34099,667783,2123650,205029,163162,171963,67789,35933,16118,4380,3409,566781,261123
 02/04/16 ,25 sec,45 yr 6 mo 20 dy 15 hr 28 min 1 sec,9 min 46 sec,37244,746701,2494789,200680,182659,205907,83567,45246,19644,5128,3870,702190,319446
 02/03/16 ,25 sec,44 yr 9 dy 22 hr 2 min 4 sec,9 min 25 sec,38263,750279,2493226,200371,186454,206549,84105,45201,19076,5020,3503,696931,320814
 02/02/16 ,25 sec,43 yr 11 mo 5 dy 6 hr 3 min 48 sec,9 min 21 sec,39304,752272,2505072,200471,186267,207985,84557,45177,19261,4974,3580,696120,321086
 02/01/16 ,25 sec,43 yr 11 mo 10 dy 7 hr 10 min 4 sec,9 min 23 sec,40254,752400,2499720,202083,185586,207573,83935,45198,19449,4963,3613,681413,314039
 01/31/16 ,25 sec,40 yr 1 mo 9 dy 4 hr 38 sec,10 min 15 sec,45169,677372,2100750,221385,161529,170309,66511,34877,15290,4166,3305,473875,225847
 01/30/16 ,24 sec,30 yr 6 mo 19 dy 19 hr 9 min 44 sec,10 min 15 sec,32768,524616,1598700,180391,126069,126556,48252,25580,11634,3416,2718,353646,168778
 01/29/16 ,25 sec,37 yr 1 dy 22 hr 20 min 44 sec,9 min 24 sec,32918,657013,2103643,201708,159484,169232,66765,36109,15886,4400,3429,554640,255989
 01/28/16 ,25 sec,44 yr 5 mo 26 dy 12 hr 8 min 55 sec,9 min 36 sec,36924,736202,2481540,197036,179558,202836,82866,45103,19757,5134,3912,689182,313895
 01/27/16 ,25 sec,43 yr 20 dy 21 hr 49 min 26 sec,9 min 19 sec,39195,740957,2467996,198102,182929,204429,82746,44789,19513,4945,3504,686947,315719
 01/26/16 ,25 sec,42 yr 11 mo 25 dy 22 hr 20 min 54 sec,9 min 18 sec,40091,740549,2468072,197759,182610,204337,83388,44729,19215,4899,3612,681603,313383
 01/25/16 ,25 sec,43 yr 1 mo 20 dy 16 hr 50 min 47 sec,9 min 22 sec,40760,736802,2458522,198614,181238,202280,82524,44137,19331,4924,3754,660487,305237
 01/24/16 ,25 sec,39 yr 23 dy 2 hr 9 min 48 sec,10 min 7 sec,47296,667496,2071422,217617,159538,167639,65326,34739,15300,4149,3188,463410,220118
 01/23/16 ,24 sec,29 yr 8 mo 20 dy 44 min 19 sec,10 min 15 sec,35310,511355,1554006,177005,123060,122007,46975,24916,11364,3391,2637,334864,160720
 01/22/16 ,25 sec,35 yr 6 mo 18 dy 17 hr 10 min 25 sec,9 min 15 sec,36122,644365,2056668,197492,156314,166221,65478,35391,15659,4465,3345,539058,249273
 01/21/16 ,25 sec,42 yr 7 mo 18 dy 22 hr 19 min 47 sec,9 min 20 sec,38325,722265,2447377,191867,176092,199280,81984,44530,19495,5023,3994,673739,308264
 01/20/16 ,25 sec,40 yr 10 mo 10 dy 4 hr 43 min 57 sec,8 min 57 sec,38927,724665,2436544,191664,179104,199906,82019,44251,19093,4940,3688,669950,309628
 01/19/16 ,25 sec,40 yr 11 mo 18 dy 2 hr 24 min 5 sec,8 min 55 sec,39884,726061,2451643,190042,178227,201892,83182,44778,19311,4967,3662,670718,310979
 01/18/16 ,25 sec,41 yr 6 mo 21 dy 34 min 34 sec,9 min 24 sec,41923,718600,2359064,201254,176379,194665,78163,41716,18057,4854,3512,606184,282225
 01/17/16 ,25 sec,35 yr 10 mo 27 dy 22 hr 20 min 16 sec,9 min 33 sec,45870,639460,2020093,200320,153712,164329,64546,34493,14750,4170,3140,456008,218009
 01/16/16 ,24 sec,28 yr 3 mo 22 dy 4 hr 57 min 15 sec,9 min 50 sec,33325,503539,1543128,173715,120099,120914,46830,24739,11250,3374,2618,335724,160936
 01/15/16 ,25 sec,33 yr 11 mo 26 dy 22 hr 15 min 19 sec,9 min 0 sec,31674,627975,2021380,190111,152665,162255,64628,35310,15453,4305,3248,530962,245393
 01/14/16 ,25 sec,39 yr 11 mo 20 dy 21 min 26 sec,9 min 0 sec,34750,703552,2378901,186229,171040,194447,80461,43613,19001,4963,3798,661524,300601
 01/13/16 ,25 sec,39 yr 5 mo 20 dy 2 hr 43 min 18 sec,8 min 54 sec,35950,704746,2370075,185907,172943,195161,80455,43325,18605,4890,3460,655335,302294
 01/12/16 ,25 sec,39 yr 9 mo 15 dy 10 hr 44 min 37 sec,8 min 55 sec,36086,706203,2382737,184925,173203,196215,80957,43832,18661,4898,3512,654542,303131
 01/11/16 ,25 sec,39 yr 6 mo 12 dy 8 hr 34 min 6 sec,8 min 46 sec,37894,708346,2406672,184035,172840,197907,81585,44158,19105,5001,3715,648465,300646
 01/10/16 ,26 sec,35 yr 10 mo 5 dy 17 hr 6 min 5 sec,9 min 28 sec,46810,644205,2033444,204864,152437,164948,65097,34443,15115,4117,3184,450035,215328
 01/09/16 ,25 sec,26 yr 7 mo 10 dy 10 hr 47 min 42 sec,9 min 22 sec,31390,491076,1522920,166141,116104,119919,46428,25037,11440,3407,2600,336460,160382
 01/08/16 ,25 sec,31 yr 6 mo 13 dy 12 hr 28 min 26 sec,8 min 34 sec,32356,605378,1967574,181053,145034,158437,63456,34762,15148,4238,3250,517340,238717
 01/07/16 ,25 sec,38 yr 3 mo 3 dy 19 hr 1 min 14 sec,9 min 9 sec,36647,661913,2242066,176886,159688,182410,75576,40854,18111,4817,3571,607316,277860
 01/06/16 ,25 sec,36 yr 3 mo 27 dy 15 hr 10 min 37 sec,8 min 51 sec,40069,657302,2195216,178630,159087,180429,73936,40128,17306,4551,3235,590569,272837
 01/05/16 ,25 sec,36 yr 7 mo 4 dy 12 hr 37 min 45 sec,8 min 58 sec,39725,651430,2179692,177866,157851,177672,73022,39750,17446,4499,3324,579619,269492
 01/04/16 ,26 sec,36 yr 3 mo 3 dy 42 sec,8 min 51 sec,42809,652729,2192545,178035,156628,178832,73512,40120,17565,4569,3468,564036,264225
 01/03/16 ,27 sec,33 yr 5 mo 17 hr 25 min 37 sec,9 min 38 sec,52659,598168,1866422,197264,139537,149412,59294,31758,14101,3790,3012,395066,188387
 01/02/16 ,25 sec,25 yr 5 mo 27 dy 14 hr 12 min 29 sec,9 min 57 sec,32588,446246,1375421,153792,105332,107134,41358,22583,10415,3118,2514,297633,140451
 01/01/16 ,25 sec,29 yr 22 dy 2 hr 28 min 45 sec,11 min 6 sec,30565,460118,1405094,162785,108892,108735,41219,22167,10344,3224,2752,291814,136546
 12/31/15 ,25 sec,28 yr 3 mo 1 dy 40 min 16 sec,9 min 17 sec,25124,507244,1639474,167514,119114,123136,48872,27366,13346,4217,3679,388361,175775
 12/30/15 ,25 sec,30 yr 10 mo 10 dy 19 hr 42 min 16 sec,9 min 5 sec,30996,558259,1818969,169214,133506,144419,57602,31643,14615,4201,3059,453685,208432
 12/29/15 ,25 sec,32 yr 2 mo 14 dy 21 hr 10 min 7 sec,9 min 3 sec,33108,577366,1905263,167348,139597,152704,61546,33383,15199,4292,3297,477261,220510
 12/28/15 ,25 sec,31 yr 6 mo 20 dy 10 hr 46 min 39 sec,8 min 45 sec,33772,582674,1931357,168590,140272,153980,62547,34050,15537,4383,3315,474093,219334
 12/27/15 ,26 sec,29 yr 6 mo 15 dy 23 hr 34 min 19 sec,9 min 17 sec,36682,542635,1715582,178865,126715,134341,53466,29243,13156,3823,3026,364192,172943
 12/26/15 ,24 sec,24 yr 13 dy 14 hr 11 min 23 sec,9 min 15 sec,31643,446851,1396595,153187,104891,107232,41807,22803,11104,3262,2565,289198,138444
 12/25/15 ,25 sec,27 yr 7 mo 7 dy 20 hr 24 min 3 sec,9 min 42 sec,34293,493043,1530858,168201,117564,119535,45394,24513,11431,3463,2942,314099,151610
 12/24/15 ,25 sec,29 yr 3 mo 20 dy 1 hr 23 min 26 sec,8 min 46 sec,28497,549147,1802116,168223,131038,140205,55637,31295,14744,4408,3597,419216,196842
 12/23/15 ,25 sec,30 yr 13 dy 19 hr 44 min 14 sec,8 min 4 sec,27330,593148,1993167,168077,141687,157754,64682,36011,16767,4721,3449,493418,229115
 12/22/15 ,25 sec,31 yr 2 mo 28 dy 15 hr 14 min 12 sec,7 min 50 sec,29208,618410,2134872,167913,146824,166475,70158,39730,18294,5204,3812,520091,240294
 12/21/15 ,24 sec,29 yr 6 mo 11 dy 8 hr 12 min 18 sec,6 min 57 sec,30921,633128,2274178,163184,146677,172349,75775,44364,20849,5688,4242,532921,247797
 12/20/15 ,25 sec,26 yr 5 mo 4 dy 19 hr 5 min 16 sec,7 min 11 sec,34495,584659,1975557,178308,131864,147902,63888,36577,17301,4932,3887,400143,193061
 12/19/15 ,24 sec,21 yr 4 mo 11 dy 22 hr 39 min 45 sec,7 min 1 sec,29034,482808,1631138,153248,109052,118448,50266,29377,14561,4459,3397,314049,152649
 12/18/15 ,24 sec,23 yr 5 mo 29 dy 13 hr 26 min 19 sec,5 min 45 sec,27289,597886,2182096,159862,132319,158113,71823,43662,21398,6104,4605,485240,230275
 12/17/15 ,24 sec,26 yr 7 mo 1 dy 9 hr 49 min 23 sec,5 min 31 sec,29851,665104,2583572,151907,143458,186211,88982,55031,26763,7333,5419,590875,278966
 12/16/15 ,24 sec,25 yr 1 mo 2 dy 9 hr 45 min 1 sec,5 min 12 sec,29877,667167,2576502,152509,144745,186981,88516,55296,26751,7319,5050,593664,281683
 12/15/15 ,24 sec,25 yr 6 mo 1 dy 2 hr 51 min 12 sec,5 min 14 sec,30846,670798,2597659,152489,146718,187197,89277,55377,26952,7575,5213,593842,282270
 12/14/15 ,24 sec,25 yr 8 mo 15 dy 6 hr 22 min 36 sec,5 min 13 sec,34191,678340,2626008,154538,148000,188908,90297,56443,27245,7578,5331,593339,282617
 12/13/15 ,24 sec,24 yr 8 mo 19 dy 5 hr 41 min 20 sec,6 min 6 sec,38694,615551,2174725,180780,133722,156733,70833,42275,20676,5910,4622,418970,204803
 12/12/15 ,23 sec,19 yr 5 mo 27 dy 12 hr 28 min 45 sec,6 min 9 sec,30510,488376,1696185,149877,108136,120756,53069,31893,16094,4842,3709,319114,158345
 12/11/15 ,24 sec,23 yr 24 dy 3 hr 14 min 36 sec,5 min 29 sec,31236,606216,2251274,158821,132953,160370,74485,45380,22662,6686,4859,492328,234964
 12/10/15 ,24 sec,26 yr 5 mo 21 dy 5 hr 1 min 19 sec,5 min 23 sec,34447,673277,2629519,153406,145382,186744,90304,56489,27551,7791,5610,598803,282828
 12/09/15 ,24 sec,25 yr 2 mo 2 dy 15 hr 55 min 32 sec,5 min 8 sec,35949,674938,2621347,153722,146890,187893,90265,56083,27306,7556,5223,594488,284461
 12/08/15 ,24 sec,25 yr 5 dy 12 hr 45 min 50 sec,5 min 6 sec,36396,674381,2613828,154524,146419,188195,89876,55615,27094,7411,5247,591326,282562
 12/07/15 ,24 sec,25 yr 6 mo 20 hr 25 min 39 sec,5 min 15 sec,36817,669668,2588849,154095,145708,186257,89132,54946,26760,7449,5321,583393,277751
 12/06/15 ,24 sec,23 yr 11 mo 17 dy 17 hr 51 min 38 sec,6 min 3 sec,41635,606582,2127311,179602,132236,154449,68756,41302,19956,5736,4545,408253,200679
 12/05/15 ,23 sec,17 yr 9 mo 12 dy 6 hr 47 min 46 sec,5 min 50 sec,33299,471660,1668607,140459,104941,117679,52194,31526,15929,4882,4050,312214,152406
 12/04/15 ,24 sec,20 yr 8 mo 22 dy 14 hr 14 min 6 sec,5 min 8 sec,34342,585785,2200748,149818,127328,156574,73326,45080,22354,6376,4929,478008,228107
 12/03/15 ,24 sec,23 yr 3 mo 21 dy 11 hr 56 min 33 sec,5 min 0 sec,35822,643920,2518220,143930,138698,181110,87393,54050,26334,7192,5213,574148,271587
 12/02/15 ,24 sec,23 yr 3 mo 28 dy 23 hr 16 min 18 sec,4 min 58 sec,28006,640281,2528066,139354,137737,181107,87826,54597,26935,7393,5332,580786,275138
 12/01/15 ,24 sec,23 yr 11 mo 7 dy 2 hr 14 min 51 sec,5 min 5 sec,27248,648629,2505330,145866,141548,182223,87489,53935,25827,6938,4803,577036,277498
 11/30/15 ,24 sec,23 yr 10 mo 25 dy 14 hr 14 min 35 sec,5 min 5 sec,27586,649471,2506393,148370,141396,181441,86845,53713,25973,6857,4876,566761,272793
 11/29/15 ,24 sec,22 yr 1 mo 29 dy 18 hr 58 min 32 sec,5 min 50 sec,32879,593577,2032996,181311,130110,149192,66216,38921,18925,5172,3730,385211,192241
 11/28/15 ,23 sec,18 yr 7 dy 9 hr 47 min 53 sec,6 min 15 sec,22884,450800,1545571,140286,100529,111448,48015,28342,14419,4403,3358,284995,142405
 11/27/15 ,23 sec,20 yr 11 mo 10 dy 11 hr 14 min 19 sec,5 min 54 sec,23420,535432,1896675,151574,120010,139564,61036,36147,17817,5179,4105,378204,186910
 11/26/15 ,23 sec,23 yr 3 mo 18 dy 6 hr 3 min 3 sec,5 min 42 sec,24024,599156,2182667,153899,134836,162718,73568,43152,20724,5851,4408,437976,217994
 11/25/15 ,24 sec,23 yr 1 mo 10 dy 1 hr 30 min 36 sec,5 min 13 sec,23305,630028,2366020,151278,140046,174135,81331,48809,23371,6467,4591,518159,250451
 11/24/15 ,24 sec,23 yr 9 mo 27 dy 1 hr 14 min 18 sec,5 min 11 sec,24115,643978,2452374,150594,141818,179490,84181,51661,24586,6826,4822,551298,266636
 11/23/15 ,24 sec,24 yr 10 mo 4 dy 7 hr 33 min 45 sec,5 min 20 sec,24791,650542,2486122,151799,142525,180467,86003,52248,25556,6951,4993,555661,267029
 11/22/15 ,24 sec,23 yr 3 mo 29 dy 2 hr 26 min 49 sec,6 min 4 sec,29654,593239,2064596,177066,129743,150693,67129,39614,19257,5484,4253,387273,192880
 11/21/15 ,23 sec,17 yr 7 mo 3 dy 11 hr 2 min 8 sec,5 min 55 sec,23434,466353,1599509,146026,103717,114657,49701,29350,14920,4493,3489,292060,146302
 11/20/15 ,23 sec,20 yr 7 mo 16 dy 19 hr 27 min 27 sec,5 min 10 sec,23546,584159,2138251,157253,128770,153595,70287,42620,21126,5999,4512,456197,221645
 11/19/15 ,23 sec,23 yr 6 mo 3 dy 27 min 20 sec,5 min 2 sec,27904,653957,2494553,154174,143653,181228,85391,52095,25528,7074,4814,552496,268068
 11/18/15 ,23 sec,23 yr 11 mo 24 dy 5 hr 6 min 28 sec,5 min 1 sec,29814,664879,2550722,153878,146133,185161,87236,54029,26210,7220,5012,564457,274163
 11/17/15 ,23 sec,24 yr 3 mo 11 dy 4 hr 33 min 23 sec,5 min 3 sec,30241,668845,2568914,156201,146652,186011,87318,54144,26142,7223,5159,565321,274297
 11/16/15 ,24 sec,24 yr 2 mo 11 dy 18 hr 16 min 6 sec,5 min 4 sec,30606,670812,2550669,158737,147447,186051,87303,53217,25907,7024,5126,553795,269697
 11/15/15 ,23 sec,22 yr 3 mo 3 dy 23 hr 34 min 25 sec,5 min 41 sec,33271,605935,2094587,183330,133162,153401,67390,39750,19184,5550,4168,380648,193194
 11/14/15 ,23 sec,18 yr 10 mo 8 dy 9 hr 20 min 41 sec,6 min 5 sec,23498,484447,1663422,153210,107574,117962,50980,30187,15566,5000,3968,293340,147792
 11/13/15 ,23 sec,21 yr 12 mo 4 dy 11 hr 22 min 36 sec,5 min 17 sec,24246,608939,2227401,166675,134079,158411,72436,43811,22035,6547,4945,461779,224491
 11/12/15 ,24 sec,26 yr 10 dy 21 hr 12 min 29 sec,5 min 14 sec,43589,692874,2667740,165880,150270,189082,90467,55642,27610,7857,6066,563705,273292
 11/11/15 ,24 sec,24 yr 4 mo 21 dy 9 hr 53 min 21 sec,5 min 2 sec,47348,692907,2595035,172873,152543,187678,87763,53389,26141,7229,5294,531787,262990
 11/10/15 ,24 sec,24 yr 3 mo 9 hr 55 min 35 sec,4 min 59 sec,47173,690720,2607736,170467,151516,187605,87910,54110,26443,7322,5347,543066,267259
 11/09/15 ,24 sec,24 yr 9 mo 14 dy 2 hr 37 min 54 sec,4 min 58 sec,49378,701346,2669013,170437,153365,191440,90313,55351,27269,7547,5624,546017,269909
 11/08/15 ,24 sec,22 yr 10 mo 1 dy 42 min 6 sec,5 min 35 sec,54859,638547,2194212,196877,139966,159566,70119,41201,20296,5953,4569,376783,192545
 11/07/15 ,23 sec,18 yr 10 mo 27 dy 6 hr 9 min 24 sec,5 min 44 sec,47466,518311,1776526,166312,114516,124996,53930,32305,16622,5305,4325,293445,149270
 11/06/15 ,24 sec,22 yr 1 mo 20 dy 15 hr 55 min 11 sec,5 min 9 sec,44293,633816,2309859,177448,139605,162630,73948,45106,22657,7031,5391,447642,221908
 11/05/15 ,24 sec,25 yr 7 mo 4 dy 10 hr 26 min 12 sec,5 min 5 sec,52649,706468,2705864,173129,154009,191227,90237,55866,27808,7812,6380,543853,268216
 11/04/15 ,24 sec,24 yr 6 mo 9 dy 9 hr 45 min 39 sec,4 min 50 sec,61326,717423,2723978,175106,157865,194929,91789,56561,27553,7780,5840,542705,270872
 11/03/15 ,24 sec,24 yr 11 mo 15 dy 1 hr 23 min 25 sec,4 min 56 sec,66450,720102,2713576,180137,158094,194373,90558,55799,27392,7898,5851,530768,264686
 11/02/15 ,24 sec,24 yr 8 mo 12 dy 21 hr 45 min 29 sec,4 min 55 sec,70608,723255,2696272,183967,159561,194739,90064,54568,26824,7665,5867,511466,254351
 11/01/15 ,24 sec,24 yr 16 dy 21 hr 25 min 4 sec,5 min 34 sec,74648,662695,2335977,204289,141231,163601,73752,44615,22809,6829,5569,364833,184317
 10/31/15 ,23 sec,18 yr 7 mo 14 dy 8 hr 59 min 25 sec,5 min 22 sec,65069,546991,1877413,177039,120825,130578,56562,34092,17687,5601,4607,288388,148268
 10/30/15 ,24 sec,22 yr 1 mo 9 dy 22 hr 27 min 47 sec,4 min 49 sec,75431,679234,2478093,191313,149814,173177,78656,48541,24368,7394,5971,460651,231305
 10/29/15 ,24 sec,25 yr 6 mo 14 dy 15 hr 24 min 23 sec,4 min 47 sec,101865,760741,2895003,193184,165335,202153,95369,59161,29644,8732,7163,551745,274953
 10/28/15 ,25 sec,24 yr 7 mo 15 dy 9 hr 45 min 34 sec,4 min 32 sec,139634,781580,2942272,198779,172462,208614,96859,60069,29798,8348,6651,548173,278034
 10/27/15 ,25 sec,23 yr 9 mo 8 dy 17 hr 1 min 50 sec,4 min 27 sec,144239,766819,2891293,191875,169592,206685,95985,58807,29129,8322,6424,543554,274284
 10/26/15 ,25 sec,23 yr 4 mo 7 dy 11 hr 51 min 29 sec,4 min 30 sec,143513,746123,2810918,189188,163511,199943,93057,57565,28491,8140,6228,520218,261308
 10/25/15 ,26 sec,20 yr 8 mo 29 dy 4 hr 54 min 58 sec,4 min 55 sec,159363,671663,2304686,212489,146278,163674,72616,43596,21599,6284,5127,339287,178483
 10/24/15 ,25 sec,15 yr 2 mo 19 dy 12 hr 26 min 18 sec,4 min 39 sec,148822,535571,1793643,175385,120351,127451,54466,32708,16319,4827,4064,265075,140703
 10/23/15 ,25 sec,16 yr 6 mo 29 dy 5 hr 57 min 3 sec,4 min 16 sec,144374,595776,2110545,168902,133803,153331,68966,41240,19979,5309,4246,402621,204642
 10/22/15 ,24 sec,15 yr 9 mo 6 dy 20 hr 27 min 57 sec,4 min 12 sec,79793,549776,2014691,134897,124357,151238,70390,41767,18969,4880,3278,452462,226020
 10/21/15 ,23 sec,15 yr 3 mo 22 dy 20 hr 43 min 17 sec,4 min 19 sec,21779,498525,1887148,111608,112451,141133,66800,40102,18409,4688,3334,458119,225535
 10/20/15 ,23 sec,15 yr 5 mo 24 dy 18 hr 23 min 47 sec,4 min 21 sec,23151,500275,1897172,111428,111798,143047,67175,40146,18630,4680,3371,456840,226053
 10/19/15 ,23 sec,15 yr 7 mo 3 dy 23 hr 7 min 5 sec,4 min 23 sec,24303,501336,1894111,112799,112325,142279,67053,40206,18541,4803,3330,449761,222257
 10/18/15 ,24 sec,14 yr 1 mo 7 hr 30 min 2 sec,5 min 5 sec,28100,444190,1483788,136467,99259,112921,48815,27966,12768,3415,2579,294777,151472
 10/17/15 ,23 sec,10 yr 11 mo 5 dy 10 hr 59 min 52 sec,5 min 6 sec,19126,341478,1144938,104371,78225,86321,36867,20857,9793,2841,2203,233161,119788
 10/16/15 ,23 sec,12 yr 11 mo 22 dy 12 hr 44 min 6 sec,4 min 25 sec,20159,437770,1564350,115110,99695,117715,52761,31351,14444,3859,2835,359911,179151
 10/15/15 ,23 sec,15 yr 1 mo 15 dy 16 hr 4 min 12 sec,4 min 22 sec,24059,491455,1852271,112017,110377,139182,64977,39008,17922,4650,3322,424453,208302
 10/14/15 ,23 sec,14 yr 4 mo 1 dy 7 hr 16 min 22 sec,4 min 9 sec,23212,492669,1845073,110947,111655,140377,65217,39149,17776,4410,3138,440949,220061
 10/13/15 ,23 sec,14 yr 6 mo 27 dy 19 hr 33 sec,4 min 14 sec,23211,489830,1834824,111087,110785,139376,64819,38745,17575,4377,3066,440877,219925
 10/12/15 ,23 sec,14 yr 9 mo 10 dy 24 min 30 sec,4 min 26 sec,24456,486534,1779244,119789,109669,135023,61711,36318,16621,4350,3053,406916,203215
 10/11/15 ,23 sec,12 yr 9 mo 10 dy 15 hr 13 min 43 sec,4 min 50 sec,25629,419634,1418953,124331,94827,108593,47176,26881,12010,3303,2513,287432,148233
 10/10/15 ,23 sec,10 yr 6 mo 18 dy 5 hr 3 min 10 sec,5 min 4 sec,19257,334433,1114947,103664,76848,83968,35412,20133,9519,2738,2151,225986,117107
 10/09/15 ,23 sec,12 yr 8 mo 21 dy 21 hr 29 min 10 sec,4 min 24 sec,20678,430013,1543579,113079,97815,115291,52107,30714,14327,3809,2871,360837,179692
 10/08/15 ,23 sec,14 yr 10 mo 8 dy 17 hr 44 min 36 sec,4 min 21 sec,22435,482857,1826107,108822,108291,137248,64511,38630,17502,4507,3346,438900,217940
 10/07/15 ,23 sec,14 yr 2 mo 7 dy 5 hr 28 min 53 sec,4 min 9 sec,23407,485927,1825189,108084,110271,139264,64949,38321,17538,4520,2980,438709,220068
 10/06/15 ,23 sec,14 yr 3 mo 27 dy 6 hr 3 min 39 sec,4 min 10 sec,23615,486250,1829739,108295,110580,139388,64810,38262,17495,4364,3056,435866,219932
 10/05/15 ,23 sec,14 yr 5 mo 28 dy 38 min 54 sec,4 min 14 sec,24100,486032,1821913,108935,109974,139103,64836,38468,17303,4371,3042,430693,216519
 10/04/15 ,23 sec,12 yr 10 mo 10 dy 7 hr 11 min 13 sec,4 min 51 sec,29153,429031,1416778,131658,96929,110070,46713,26419,11789,3175,2278,280220,146809
 10/03/15 ,23 sec,10 yr 9 mo 4 dy 6 hr 18 min 46 sec,5 min 15 sec,19219,328554,1102628,101810,74380,82460,34918,20534,9474,2751,2227,223502,115596
 10/02/15 ,23 sec,12 yr 3 mo 5 dy 15 hr 18 min 40 sec,4 min 21 sec,19881,421396,1503483,111869,95703,113351,50834,29495,13697,3712,2735,349188,176607
 10/01/15 ,23 sec,14 yr 7 mo 9 dy 1 hr 2 min 28 sec,4 min 24 sec,23272,473623,1777246,107548,107045,134648,62624,37227,16994,4313,3224,424103,212762
 09/30/15 ,23 sec,13 yr 10 mo 6 dy 2 hr 17 min 37 sec,4 min 9 sec,25005,476491,1779980,107187,108498,136472,63081,37281,16772,4167,3033,420851,213998
 09/29/15 ,23 sec,14 yr 1 mo 17 dy 21 hr 37 min 27 sec,4 min 14 sec,24453,475880,1778644,106811,108471,136706,63174,36907,16728,4143,2940,421842,213749
 09/28/15 ,23 sec,13 yr 9 mo 22 dy 12 hr 46 sec,4 min 9 sec,25236,474949,1770433,107514,107761,136049,62767,36979,16732,4209,2938,409550,207246
 09/27/15 ,24 sec,12 yr 5 mo 7 dy 3 hr 55 min 7 sec,4 min 47 sec,31273,422115,1393840,129805,95221,107933,46306,25945,11662,2983,2260,269199,141678
 09/26/15 ,23 sec,9 yr 9 mo 3 dy 16 hr 8 min 0 sec,4 min 56 sec,21017,321203,1060547,100981,73767,80552,33467,19011,8855,2570,2000,205318,106796
 09/25/15 ,23 sec,12 yr 24 dy 12 min 50 sec,4 min 25 sec,21952,413102,1461374,110702,94707,110435,49191,28793,13091,3580,2603,335827,170806
 09/24/15 ,23 sec,14 yr 1 mo 14 dy 4 hr 19 min 12 sec,4 min 25 sec,23948,459821,1710128,106005,104581,130912,59889,35255,16081,4135,2963,408016,206467
 09/23/15 ,23 sec,13 yr 9 mo 7 dy 10 hr 15 min 1 sec,4 min 19 sec,25237,461086,1701814,106486,105505,131229,60143,35277,15600,3988,2858,403286,206483
 09/22/15 ,23 sec,13 yr 9 mo 18 dy 21 hr 50 min 5 sec,4 min 15 sec,26432,464199,1731874,105226,105919,132916,61357,35705,16177,4025,2874,408959,209612
 09/21/15 ,23 sec,13 yr 10 mo 8 dy 11 hr 4 min 57 sec,4 min 16 sec,27236,464862,1731843,105104,106564,133470,61068,35503,16140,4064,2949,404857,206907
 09/20/15 ,23 sec,12 yr 6 mo 28 dy 15 hr 33 min 56 sec,4 min 56 sec,30097,411854,1366697,127119,92765,105067,45234,25133,11332,3003,2201,267543,141618
 09/19/15 ,23 sec,9 yr 10 mo 22 dy 20 hr 56 min 2 sec,5 min 8 sec,19039,311404,1032549,97193,71704,78163,32792,18636,8529,2460,1927,207915,110020
 09/18/15 ,23 sec,12 yr 1 mo 21 dy 22 hr 30 min 54 sec,4 min 33 sec,21694,404755,1428901,107034,92701,109415,48594,28137,12913,3440,2521,332616,171462
 09/17/15 ,23 sec,14 yr 4 mo 6 dy 23 hr 28 min 28 sec,4 min 33 sec,24750,453768,1689280,103020,103228,129746,59797,35380,15618,3976,3003,404544,206419
 09/16/15 ,23 sec,13 yr 5 mo 16 dy 12 hr 8 min 2 sec,4 min 15 sec,26316,455493,1686947,103747,104224,130342,60084,34887,15436,3934,2839,401662,206810
 09/15/15 ,23 sec,13 yr 5 mo 2 dy 14 hr 37 min 33 sec,4 min 14 sec,27390,454285,1688867,102667,103430,131000,60053,34777,15688,3849,2821,401654,207147
 09/14/15 ,24 sec,13 yr 7 mo 1 dy 12 hr 32 min 44 sec,4 min 19 sec,29610,452372,1677649,102842,103300,129885,59727,34483,15371,3875,2889,392806,202621
 09/13/15 ,24 sec,12 yr 7 mo 22 dy 1 hr 24 min 40 sec,5 min 6 sec,32848,400427,1331511,122629,90077,102874,43915,24665,11079,2862,2326,261611,138891
 09/12/15 ,23 sec,9 yr 9 mo 22 dy 11 hr 41 min 45 sec,5 min 16 sec,21503,300677,998418,93579,69301,75644,31560,17920,8483,2293,1897,201633,107362
 09/11/15 ,23 sec,11 yr 4 mo 27 dy 15 hr 17 min 34 sec,4 min 27 sec,21665,387349,1368845,102559,88833,104931,46375,26737,12133,3317,2464,320727,166000
 09/10/15 ,23 sec,13 yr 5 mo 13 dy 5 hr 19 min 2 sec,4 min 28 sec,24883,433545,1612248,99142,98004,124533,57048,33274,14826,3932,2786,384956,198319
 09/09/15 ,23 sec,13 yr 2 mo 15 dy 15 hr 30 min 23 sec,4 min 23 sec,26027,434569,1610032,98161,99624,125018,57668,33080,14647,3738,2633,384986,199723
 09/08/15 ,24 sec,12 yr 7 mo 13 dy 21 hr 56 min 28 sec,4 min 11 sec,27774,434992,1611752,98174,99516,125948,57063,33125,14673,3781,2712,385130,200902
 09/07/15 ,24 sec,12 yr 11 mo 2 dy 21 hr 37 min 57 sec,4 min 54 sec,30764,417079,1411762,117414,97316,112172,47260,25972,11552,3074,2319,292916,155702
 09/06/15 ,24 sec,10 yr 6 mo 17 dy 10 hr 47 sec,4 min 48 sec,25587,343108,1179805,94836,78959,92928,39889,22053,9708,2642,2093,245938,129295
 09/05/15 ,23 sec,8 yr 9 mo 13 dy 10 hr 42 min 37 sec,5 min 2 sec,19597,285427,938121,90919,65472,71041,29515,16717,7715,2237,1811,188415,97998
 09/04/15 ,23 sec,10 yr 4 mo 18 dy 6 hr 52 min 9 sec,4 min 21 sec,18597,365783,1279305,99474,83602,98517,42930,24590,11246,3038,2386,309939,160019
 09/03/15 ,23 sec,12 yr 3 mo 9 dy 7 hr 34 min 53 sec,4 min 20 sec,20418,406281,1514688,92054,92276,117080,53848,31220,13666,3506,2631,381095,195608
 09/02/15 ,24 sec,11 yr 8 mo 16 hr 22 min 29 sec,4 min 6 sec,26762,411874,1522198,93532,93881,119073,54345,31119,13814,3596,2514,381347,197437
 09/01/15 ,24 sec,11 yr 10 mo 19 dy 14 hr 25 min 14 sec,4 min 12 sec,28963,409620,1514365,93037,93612,118162,54030,31069,13521,3605,2584,375400,194685
 08/31/15 ,24 sec,11 yr 9 mo 17 dy 8 hr 21 min 32 sec,4 min 13 sec,31333,405884,1495447,93606,92062,117157,53194,30502,13477,3403,2483,363616,188556
 08/30/15 ,24 sec,10 yr 3 mo 25 dy 3 hr 35 min 59 sec,5 min 1 sec,30217,342592,1109745,110534,77102,85441,35968,20157,8899,2554,1937,227954,120162
 08/29/15 ,23 sec,8 yr 6 mo 6 dy 21 hr 50 min 0 sec,5 min 11 sec,17961,266646,881130,82218,61771,67706,28189,15667,7363,2078,1654,192102,102284
 08/28/15 ,24 sec,9 yr 9 mo 11 dy 18 hr 27 min 52 sec,4 min 26 sec,18927,338000,1183138,90006,77763,91819,40319,23087,10228,2696,2082,294349,152956
 08/27/15 ,24 sec,11 yr 1 mo 3 dy 21 hr 41 min 11 sec,4 min 23 sec,21913,370472,1361089,86845,84421,105583,48345,27478,12191,3163,2446,341905,175298
 08/26/15 ,24 sec,10 yr 6 mo 3 dy 17 hr 20 min 47 sec,4 min 10 sec,22290,368271,1348673,85637,84305,105629,47865,27573,12044,3083,2135,337670,174840
 08/25/15 ,24 sec,10 yr 5 mo 7 dy 15 hr 19 min 41 sec,4 min 10 sec,22814,366905,1340023,85989,83887,104558,47798,27422,12047,3005,2199,336178,174142
 08/24/15 ,24 sec,10 yr 5 mo 24 dy 8 hr 35 min 29 sec,4 min 12 sec,23510,365793,1336013,86231,83403,104640,47562,26700,12046,3086,2125,329597,170444
 08/23/15 ,24 sec,9 yr 6 mo 4 dy 22 hr 5 min 15 sec,4 min 51 sec,28767,325451,1051986,104603,73538,81296,34572,19061,8393,2292,1696,216926,114814
 08/22/15 ,23 sec,7 yr 11 mo 9 dy 12 hr 3 min 13 sec,5 min 2 sec,17234,254562,846881,78175,58433,64647,27512,15157,7071,1971,1596,184209,97544
 08/21/15 ,24 sec,9 yr 7 mo 2 dy 6 hr 24 min 36 sec,4 min 39 sec,18310,315851,1108249,84937,72071,85448,37768,21423,9570,2618,2016,268973,137667
 08/20/15 ,24 sec,10 yr 5 mo 22 dy 20 hr 22 min 23 sec,4 min 27 sec,19946,343252,1264797,81931,77307,96592,44602,25964,11617,2918,2321,319823,161697
 08/19/15 ,24 sec,10 yr 7 mo 21 dy 10 hr 12 min 38 sec,4 min 29 sec,19806,344016,1275190,80935,77333,96918,45163,26490,11908,2987,2282,324703,163666
 08/18/15 ,24 sec,10 yr 1 mo 17 dy 5 hr 23 min 54 sec,4 min 19 sec,20384,341714,1256108,81164,77403,96136,44834,25692,11441,2949,2095,318518,162120
 08/17/15 ,24 sec,10 yr 8 mo 3 dy 17 hr 22 min 41 sec,4 min 36 sec,20720,339477,1239963,82617,76977,94932,43463,25222,11133,2951,2182,310555,157877
 08/16/15 ,24 sec,9 yr 10 mo 17 dy 24 min 4 sec,5 min 18 sec,23012,303083,1003712,95383,67808,76140,32859,18402,8426,2272,1793,218308,112719
 08/15/15 ,23 sec,8 yr 1 mo 10 dy 5 hr 3 min 8 sec,5 min 21 sec,15387,243499,814215,74487,55811,61764,26384,14661,6801,2028,1563,186845,96699
 08/14/15 ,24 sec,9 yr 3 mo 3 dy 13 hr 46 min 44 sec,4 min 41 sec,16893,300607,1057985,81117,68493,80662,35863,20726,9227,2572,1947,267884,136100
 08/13/15 ,24 sec,10 yr 9 mo 25 dy 8 hr 24 min 7 sec,4 min 48 sec,18597,328956,1210365,79140,74530,92169,42211,24672,11055,2970,2209,314894,156970
 08/12/15 ,24 sec,10 yr 7 mo 28 dy 3 hr 19 min 19 sec,4 min 40 sec,19734,333274,1227207,79587,75018,93529,43523,25160,11267,2936,2254,318369,159694
 08/11/15 ,24 sec,10 yr 3 mo 17 dy 13 hr 29 sec,4 min 36 sec,20176,328960,1199010,80130,74279,92261,42077,24482,10921,2777,2033,309564,156617
 08/10/15 ,24 sec,10 yr 2 mo 23 dy 6 hr 22 min 5 sec,4 min 33 sec,20395,329121,1202314,79867,74684,92133,42303,24402,10909,2808,2015,307983,155692
 08/09/15 ,24 sec,9 yr 3 mo 1 dy 5 hr 4 min 15 sec,5 min 10 sec,22480,295103,960776,93383,67138,74219,31456,17404,7686,2168,1649,215476,112027
 08/08/15 ,23 sec,8 yr 29 dy 4 hr 46 min 37 sec,5 min 20 sec,15428,241661,813470,73148,55035,62144,26176,14764,6808,1999,1587,191443,98893
 08/07/15 ,24 sec,8 yr 11 mo 12 dy 10 hr 10 min 20 sec,4 min 36 sec,17031,295481,1042508,79482,67400,79188,35526,20224,9222,2471,1968,270266,135829
 08/06/15 ,24 sec,10 yr 4 mo 15 dy 12 hr 17 min 12 sec,4 min 41 sec,18614,322513,1188093,77954,72897,89876,41572,24077,10974,3031,2132,316853,156843
 08/05/15 ,24 sec,10 yr 9 dy 2 hr 24 min 11 sec,4 min 32 sec,19358,323901,1185135,77957,73818,90562,41752,24212,10834,2759,2007,317150,158149
 08/04/15 ,24 sec,10 yr 2 dy 2 hr 15 min 45 sec,4 min 32 sec,20321,329363,1183249,82479,74742,91390,41601,23847,10618,2757,1929,316628,158800
 08/03/15 ,24 sec,10 yr 2 mo 9 dy 24 min 48 sec,4 min 38 sec,20728,323620,1178683,79982,72870,90219,41209,23892,10591,2769,2088,313619,156138
 08/02/15 ,24 sec,9 yr 6 mo 20 dy 15 hr 48 min 3 sec,5 min 16 sec,22805,292925,977798,90138,65975,74889,31843,17905,8144,2230,1801,228747,116262
 08/01/15 ,24 sec,8 yr 22 dy 16 hr 8 min 45 sec,5 min 24 sec,16275,238616,803489,72048,54500,61200,25974,14550,6791,1991,1562,197976,100347
 07/31/15 ,24 sec,9 yr 2 mo 5 dy 9 hr 1 min 1 sec,4 min 49 sec,18187,289603,1023046,78972,65117,77506,34652,19934,9011,2451,1960,276790,136908
 07/30/15 ,24 sec,9 yr 10 mo 27 dy 8 hr 26 min 31 sec,4 min 36 sec,19000,315027,1157223,77536,70980,86838,40437,23508,10684,2817,2227,326174,158555
 07/29/15 ,24 sec,9 yr 6 mo 22 dy 15 hr 28 min 26 sec,4 min 26 sec,18843,318537,1156480,79213,72042,87728,40659,23481,10584,2779,2051,329966,161951
 07/28/15 ,25 sec,9 yr 9 mo 6 dy 22 hr 53 min 15 sec,4 min 26 sec,19501,326506,1183727,82961,73066,89386,41248,23970,10786,2945,2144,369754,179336
 07/27/15 ,25 sec,9 yr 8 mo 11 dy 2 hr 17 min 42 sec,4 min 26 sec,19295,317481,1172617,77090,70924,88360,40943,23960,11027,2926,2251,384392,183989
 07/26/15 ,25 sec,8 yr 6 mo 6 dy 15 hr 38 min 53 sec,4 min 51 sec,20797,284272,942801,87638,64081,72464,30842,17570,7901,2168,1608,276546,136564
 07/25/15 ,24 sec,7 yr 6 mo 9 dy 19 hr 11 min 54 sec,5 min 9 sec,15435,234149,785408,70980,53865,59683,25139,14333,6642,2029,1478,236593,116809
 07/24/15 ,25 sec,8 yr 5 mo 15 dy 8 hr 23 min 22 sec,4 min 31 sec,16809,284564,1004103,76661,64500,76391,34129,19389,9014,2627,1853,331470,159318
 07/23/15 ,25 sec,9 yr 7 mo 9 dy 21 hr 31 min 1 sec,4 min 29 sec,17414,311742,1151161,75206,70027,86979,40289,23426,10768,2827,2220,387008,184779
 07/22/15 ,25 sec,9 yr 2 mo 17 dy 15 hr 49 min 22 sec,4 min 21 sec,17695,312091,1134576,75920,70593,87608,39860,23212,10260,2705,1933,387480,186420
 07/21/15 ,25 sec,9 yr 5 mo 1 dy 18 hr 39 min 39 sec,4 min 24 sec,18317,313707,1146454,76253,71310,87257,40225,23307,10567,2847,1941,390176,187459
 07/20/15 ,25 sec,9 yr 3 mo 9 dy 9 hr 40 min 46 sec,4 min 22 sec,18910,313671,1138768,77582,70417,87569,40093,22896,10280,2787,2047,387716,185503
 07/19/15 ,25 sec,8 yr 8 mo 12 dy 22 hr 12 min 44 sec,4 min 58 sec,20281,283754,944454,88239,63202,72223,30858,17117,8057,2235,1823,289559,139712
 07/18/15 ,24 sec,7 yr 1 mo 18 dy 14 hr 14 min 42 sec,4 min 57 sec,15293,233833,777910,72296,53307,59420,24805,14083,6568,1886,1468,246260,120654
 07/17/15 ,25 sec,8 yr 3 mo 17 dy 17 hr 32 min 19 sec,4 min 26 sec,17326,287425,1006758,80362,64484,76171,33461,19499,8952,2522,1974,368282,174848
 07/16/15 ,25 sec,9 yr 2 mo 19 dy 22 hr 21 min 44 sec,4 min 17 sec,18367,313084,1157155,76438,69872,87237,40166,23469,10701,2917,2284,445145,208038
 07/15/15 ,25 sec,8 yr 11 mo 10 dy 5 hr 26 sec,4 min 8 sec,17836,314955,1154387,76238,71496,88191,40296,23223,10593,2848,2070,447882,211958
 07/14/15 ,25 sec,8 yr 11 mo 7 dy 23 hr 26 min 57 sec,4 min 6 sec,18618,319157,1164135,77991,71905,89180,40843,23631,10685,2876,2046,460717,216655
 07/13/15 ,25 sec,9 yr 22 dy 17 hr 13 sec,4 min 11 sec,19213,316791,1160979,77631,71563,88088,40460,23372,10601,2944,2132,462938,215607
 07/12/15 ,25 sec,8 yr 6 mo 17 dy 11 hr 25 min 24 sec,4 min 43 sec,21196,290152,975751,88108,64676,74031,32526,18385,8276,2284,1866,344916,164344
 07/11/15 ,25 sec,7 yr 2 mo 57 min 58 sec,4 min 53 sec,15894,235491,788623,71362,53953,59964,25670,14452,6614,1971,1505,284393,136906
 07/10/15 ,25 sec,7 yr 11 mo 29 dy 20 hr 46 min 22 sec,4 min 15 sec,16779,285177,1009369,77029,65019,76093,33971,19770,8891,2486,1918,391698,184780
 07/09/15 ,25 sec,9 yr 2 mo 6 dy 20 hr 29 min 24 sec,4 min 15 sec,18710,315504,1164575,76593,70803,87940,40623,23527,10729,2991,2298,460870,215748
 07/08/15 ,25 sec,8 yr 11 mo 16 sec,4 min 6 sec,18770,317132,1160338,76385,71972,88984,40979,23423,10470,2886,2033,469142,219824
 07/07/15 ,25 sec,8 yr 11 mo 29 dy 19 hr 5 min 11 sec,4 min 7 sec,19431,318469,1167478,76789,72182,89244,40867,23648,10770,2850,2119,465481,219418
 07/06/15 ,25 sec,9 yr 4 mo 12 dy 14 hr 39 min 28 sec,4 min 16 sec,20042,318550,1178084,76646,71446,88994,41126,23979,11052,2984,2323,467033,217260
 07/05/15 ,25 sec,7 yr 11 mo 29 dy 21 hr 29 min 57 sec,4 min 34 sec,21337,283543,938569,88467,63433,71736,30963,17264,7755,2280,1645,329954,159198
 07/04/15 ,24 sec,6 yr 10 mo 21 dy 21 hr 12 min 19 sec,4 min 56 sec,14865,223892,750223,68629,51586,56684,23925,13357,6306,1924,1481,266516,128298
 07/03/15 ,25 sec,7 yr 11 mo 21 dy 4 hr 16 min 37 sec,4 min 33 sec,16529,270718,941079,75532,62660,71678,30871,17593,8138,2387,1859,363438,172471
 07/02/15 ,25 sec,9 yr 11 dy 2 hr 6 min 55 sec,4 min 14 sec,18555,311530,1146960,75895,70391,86765,39662,23052,10605,2954,2206,460442,214500
 07/01/15 ,25 sec,8 yr 8 mo 13 dy 14 hr 20 min 9 sec,4 min 3 sec,19101,314742,1149223,76302,72067,87920,39871,23244,10510,2793,2035,460416,217099
 06/30/15 ,25 sec,8 yr 10 mo 16 dy 11 hr 50 min 0 sec,4 min 6 sec,19420,317108,1159626,76830,71788,88682,40676,23418,10664,2940,2110,463275,218707
 06/29/15 ,25 sec,8 yr 9 mo 28 dy 14 hr 36 min 30 sec,4 min 5 sec,19421,316539,1158279,76386,71496,88977,40516,23425,10709,2947,2083,465300,217285
 06/28/15 ,25 sec,8 yr 5 mo 17 dy 19 min 32 sec,4 min 40 sec,21547,286454,977932,85710,64509,73338,31977,18079,8488,2468,1885,344439,164278
 06/27/15 ,24 sec,7 yr 10 dy 9 hr 59 min 24 sec,4 min 50 sec,16147,231522,782059,69638,53154,59510,24980,14070,6644,2007,1519,280198,134505
 06/26/15 ,25 sec,7 yr 10 mo 12 dy 23 hr 26 min 20 sec,4 min 12 sec,17312,283291,1004845,76278,64318,75910,33896,19475,8955,2594,1865,394541,184090
 06/25/15 ,25 sec,8 yr 11 mo 16 dy 21 hr 32 min 8 sec,4 min 9 sec,18944,315070,1155586,76342,71835,87473,40342,23197,10751,2949,2181,464725,217517
 06/24/15 ,26 sec,9 yr 4 mo 14 dy 7 hr 20 min 40 sec,4 min 15 sec,19527,319403,1188478,75425,72193,89354,41273,24542,11215,3029,2372,476433,221443
 06/23/15 ,25 sec,8 yr 10 mo 8 dy 8 hr 57 min 46 sec,4 min 3 sec,20130,317894,1167936,76087,72251,88890,40921,24002,10803,2901,2039,467391,220378
 06/22/15 ,25 sec,9 yr 14 dy 13 hr 49 min 13 sec,4 min 7 sec,21456,320074,1174605,76791,72998,89544,41024,23936,10704,2945,2132,468507,219773
 06/21/15 ,25 sec,8 yr 3 mo 6 dy 7 hr 12 min 2 sec,4 min 34 sec,22245,288875,974240,86609,64675,74619,32193,18333,8314,2384,1748,345634,165212
